,AbsDepth,Adjust.Depth,Section,Bottom.increment.cm,Depth.predict,_2.5,_10,Age.bchron062722B,_90,_975,LOI
1,585,0,1,7,585,-72,-68,-65,-63,-45,50.81632653
2,586,1,1,8,586,-64,-60,-56,-45,32.025,50.73741312
3,587,2,1,9,587,-62,-55,-47,-25,97.1,50.78915859
4,588,3,1,10,588,-60,-50,-39,-6.75,132,51.19416873
5,589,4,1,11,589,-58.025,-44,-30,8.25,165.15,50.49554014
6,590,5,1,12,590,-57,-39,-22,21,183.05,50.39358601
7,591,6,1,13,591,-55,-34,-13,36,213.025,50.96789708
8,592,7,1,14,592,-53.025,-28,-5,47,239.075,49.95473943
9,593,8,1,15,593,-52,-23,4,59,256.1,50.07411067
10,594,9,1,16,594,-50,-18,11.5,69,276.075,50.31220938
11,595,10,1,17,595,-48,-13,20,80,295,50.0284657
12,596,11,1,18,596,-45.05,-7,29,93,303,50.24529378
13,597,12,1,19,597,-43.05,-1,36,102,309.025,50.20968357
14,598,13,1,20,598,-42.025,4.75,45,114,314.05,50.16949153
15,599,14,1,21,599,-39.025,11,53,123.25,324.05,49.47368421
16,600,15,1,22,600,-37,16,61.5,132,336.025,50.40931184
17,601,16,1,23,601,-34.025,21.75,69,140.25,344.05,50.39213919
18,602,17,1,24,602,-32,28,76,150,353.05,50.42136369
19,603,18,1,25,603,-30,33,84,159.25,359.35,49.9813734
20,604,19,1,26,604,-28,39,92,171,374.1,49.71632696
21,605,20,1,27,605,-24.025,44,100,180.5,384,49.4169633
22,606,21,1,28,606,-22,50,109,186.25,390,49.0415501
23,607,22,1,29,607,-18.025,58,117,194.25,396.025,49.71553611
24,608,23,1,30,608,-16,64,125,202,402.05,50.07975821
25,609,24,1,31,609,-13,72,134,211.25,407.025,52.27632621
26,610,25,1,32,610,-9,81,142,218,416.025,52.0754717
27,611,26,1,33,611,-7,89,150,227,421.2,52.25924634
28,612,27,1,34,612,-4,94,158.5,236,425.1,52.2950542
29,613,28,1,35,613,-2,100,167,245,431.025,52.33982412
30,614,29,1,36,614,6.975,107,174.5,254,440,52.35540817
31,615,30,1,37,615,11.975,114,182,260,446.025,51.73727167
32,616,31,1,38,616,14,122.75,190,266,451.125,51.58631027
33,617,32,1,39,617,15.975,129,199,277.25,461.025,51.23200565
34,618,33,1,40,618,17,137.75,207,286.25,464.025,51.86421814
35,619,34,1,41,619,18.975,145,214,292,467.15,51.54974171
36,620,35,1,42,620,22.95,150,222,300,472.075,51.71766473
37,621,36,1,43,621,25.975,156,230,308,484,52.07784482
38,622,37,1,44,622,29,163,238,314,486.025,52.07808564
39,623,38,1,45,623,31.975,170,246.5,322.25,492.075,51.95339273
40,624,39,1,46,624,36.95,182,255,332,494.1,52.39896957
41,625,40,1,47,625,42.95,189,262,340,504,52.6590106
42,626,41,1,48,626,44.95,196,270,347,505.025,52.36542835
43,627,42,1,49,627,49.975,202,278.5,353,507.025,52.52774353
44,628,43,1,50,628,55,209,285,360,510,53.40309889
45,629,44,1,51,629,58.975,216,292.5,366.25,513,53.44135573
46,630,45,1,52,630,63.975,222,300,372.25,522.025,52.68612887
47,631,46,1,53,631,69.9,227,309,378.25,525.025,52.92848106
48,632,47,1,54,632,70.95,233.75,315.5,386,527.05,53.76672724
49,633,48,1,55,633,81.775,238.75,322,393,531.025,58.13686026
50,634,49,1,56,634,85.975,244,330,401,535.025,57.53435999
51,635,50,1,57,635,89.95,250,337,406,540.025,57.42382271
52,636,51,1,58,636,96.95,256,345,413,543.025,58.14718112
53,637,52,1,59,637,106.875,263,353,418.25,551,58.23651265
54,638,53,1,60,638,112.95,272,361,425.25,553,58.72374001
55,639,54,1,61,639,121.975,279.75,368,432,559.025,59.55997905
56,640,55,1,62,640,127.95,285,375.5,438.25,563.025,59.65560765
57,641,56,1,63,641,140.925,289.75,383,445,564.05,58.99385312
58,642,57,1,64,642,144.95,297.75,391,453.25,569,57.52773376
59,643,58,1,65,643,149.975,307,399,459,571,58.81197381
60,644,59,1,66,644,154,315,407,465.25,574.025,59.10828025
61,645,60,1,67,645,162,324.75,415,473,576,59.13870806
62,646,61,1,68,646,167,331,422,477.5,580,59.07461714
63,647,62,1,69,647,174,340,431,482.25,582.025,58.73736978
64,648,63,1,70,648,179.975,348.75,438.5,489,585.05,58.85154062
65,649,64,1,71,649,187.9,357.5,445.5,494.25,589.025,59.41153546
66,650,65,1,72,650,195.825,366,452,501,592.025,58.96196232
67,651,66,1,73,651,199,374,457,506,595,59.71615721
68,652,67,1,74,652,209.85,382.75,464.5,513.25,597.025,60.20240964
69,653,68,1,75,653,219.95,397,472,521,602,59.65215958
70,654,69,1,76,654,226.95,404,480,527,607,59.40468031
71,655,70,1,77,655,234.975,411.75,486,533.25,609.05,59.61278703
72,656,71,1,78,656,242.925,422,493.5,539,613,59.54252318
73,657,72,1,79,657,251.95,429.75,499,545,616.025,59.43192065
74,658,73,1,80,658,256.975,439.75,506,552,619.025,59.26862302
75,659,74,1,81,659,262.975,453,511,559,622,59.3678908
76,660,75,1,82,660,274.9,462,517.5,564,624,59.57174601
77,661,76,1,83,661,284.95,472,524,571,627,59.71128609
78,662,77,1,84,662,294.975,481,531,579,629,59.16136867
79,663,78,1,85,663,311.975,492,538,586.25,631.05,58.59228083
80,664,79,1,86,664,329.925,502,546,593,634.025,58.96710294
81,665,80,1,87,665,347.825,512,552,600,636,58.92896496
82,666,81,1,88,666,364.875,522,558.5,607.25,639,58.11271834
83,667,82,1,89,667,390.975,534.75,566.5,615,642.025,57.52631579
84,668,83,1,90,668,417.925,545,574.5,622,646.025,57.94251135
85,669,84,1,91,669,449.875,556,588,629,650.025,57.48162529
86,670,85,1,92,670,500.95,566,610,637,655,55.82350306
87,671,86,1,93,671,555.975,581.75,636,651.25,718.05,51.5623684
88,672,87,1,94,672,577,618,663,697,976,55.85550134
89,673,88,1,95,673,586,653,689,752.25,1163.525,55.96903629
90,674,89,1,96,674,595,670,719.5,805.25,1323.075,54.90713846
91,675,90,1,97,675,603.975,687,750,854.25,1411.075,53.65630713
92,676,91,1,98,676,611,705,777,896.5,1477.15,52.92390506
93,677,92,1,99,677,618,722.75,807,938.5,1524.025,60.2772173
94,678,93,1,100,678,625.95,739,832,985,1557,57.89257218
95,679,94,1,101,679,633,756,858,1031,1631.4,57.31456416
96,680,95,1,102,680,639.95,774.75,885.5,1055.5,1687.575,56.05453087
97,681,96,1,103,681,645.95,791,912.5,1093,1705.6,52.75490393
98,682,97,1,104,682,654.95,811.75,937.5,1133.25,1749.65,52.01481159
99,683,98,1,105,683,662.975,829.75,962,1164,1791.325,51.28131091
100,684,99,1,106,684,670,845,987.5,1204,1891.15,51.31170051
101,685,100,1,107,685,677,860.75,1016.5,1234.25,1917.45,51.3795502
102,686,101,1,108,686,684,880,1041,1274,1948.325,52.5264297
103,687,102,1,1,687,691,895.25,1068.5,1305.25,1988.15,52.30451937
104,688,103,1,2,688,699,912.5,1092,1339,2017.025,51.86489716
105,689,104,1,3,689,706.975,932.5,1119,1368,2039,53.34065783
106,690,105,2,4,690,711.975,947.75,1148,1400.75,2067.475,54.31754875
107,691,106,2,5,691,719.9,965.75,1173,1436.25,2106.225,54.88416007
108,692,107,2,6,692,726.925,984.5,1200,1466.25,2162.225,55.20765206
109,693,108,2,7,693,731.975,1008,1225.5,1489,2193.05,54.76688708
110,694,109,2,8,694,737.95,1027,1252,1519.5,2206,56.61863139
111,695,110,2,9,695,744.925,1045.5,1276.5,1548,2231.275,57.75193798
112,696,111,2,10,696,757.95,1068.75,1303,1580.5,2252.7,59.36687928
113,697,112,2,11,697,766,1093,1327,1608.5,2273.5,58.82457386
114,698,113,2,12,698,783.65,1114.75,1357,1641,2307.1,58.07105704
115,699,114,2,13,699,791.975,1132.5,1380.5,1667,2324.525,58.54245445
116,700,115,2,14,700,801.85,1150.75,1404,1702.5,2355.7,58.67308179
117,701,116,2,15,701,811,1174.25,1431.5,1727,2382.275,59.13331072
118,702,117,2,16,702,821.9,1197.75,1453,1743.25,2409.025,58.93764434
119,703,118,2,17,703,827.95,1224.75,1479,1766,2430.025,59.23913043
120,704,119,2,18,704,834,1252.75,1503.5,1791,2445.05,57.45173058
121,705,120,2,19,705,842.925,1275,1529,1822.75,2463.075,56.77716752
122,706,121,2,20,706,854.825,1308,1552,1850,2479,57.83514972
123,707,122,2,21,707,862.875,1330,1578,1874,2495.025,57.29147142
124,708,123,2,22,708,876.875,1346,1604.5,1906.75,2501.25,56.71971706
125,709,124,2,23,709,888.875,1363.75,1632,1932.25,2510.425,55.72100313
126,710,125,2,24,710,897.8,1387.5,1658,1960.25,2543.575,56.34465243
127,711,126,2,25,711,902.85,1415.5,1684.5,1987,2573.075,56.33691252
128,712,127,2,26,712,921.8,1440.5,1713,2015,2586.075,55.00182415
129,713,128,2,27,713,927.875,1460,1739.5,2041,2599.475,52.82221551
130,714,129,2,28,714,934.9,1479.75,1762,2061,2627.075,50.27195502
131,715,130,2,29,715,945.875,1501.75,1788,2085,2636,49.22453969
132,716,131,2,30,716,954.95,1529.75,1814,2114.25,2646.15,50.31119448
133,717,132,2,31,717,966.875,1547,1838,2135.25,2661.175,49.87974637
134,718,133,2,32,718,982.825,1560.75,1863,2157.25,2671.025,51.64894576
135,719,134,2,33,719,990.85,1577,1887.5,2179.5,2679.225,51.90999072
136,720,135,2,34,720,1000.8,1604.5,1909,2203,2700,51.45321728
137,721,136,2,35,721,1005.95,1627.5,1939,2229.25,2708.025,53.21473159
138,722,137,2,36,722,1043.275,1652,1965,2247.75,2715.1,49.68093497
139,723,138,2,37,723,1051.35,1675.25,1993,2272,2724.075,48.98950941
140,724,139,2,38,724,1058.45,1700.5,2016.5,2296,2733.075,50.97804092
141,725,140,2,39,725,1080.65,1725.75,2036.5,2315,2745.4,51.90520057
142,726,141,2,40,726,1086.7,1757,2059.5,2343.5,2761.175,53.56448477
143,727,142,2,41,727,1096.925,1792,2086,2361.5,2775.075,52.04242274
144,728,143,2,42,728,1136.175,1820.75,2109.5,2377.25,2782.1,49.59738299
145,729,144,2,43,729,1170.85,1844,2137.5,2400,2795.325,47.38955823
146,730,145,2,44,730,1178.95,1883.75,2164,2418,2817,44.74472333
147,731,146,2,45,731,1190.9,1905.75,2190,2439.5,2826,47.10478277
148,732,147,2,46,732,1205.7,1935,2216,2459.25,2835.025,47.97847931
149,733,148,2,47,733,1210.775,1959,2237.5,2478,2846.15,47.76763064
150,734,149,2,48,734,1223.775,1983.25,2257,2494.5,2855.1,48.11837779
151,735,150,2,49,735,1236.875,2000.75,2278,2511.25,2867.175,50.32919348
152,736,151,2,50,736,1248.925,2032.75,2299.5,2539,2890.05,48.18933281
153,737,152,2,51,737,1285.925,2057,2329,2558.5,2901.025,47.77523311
154,738,153,2,52,738,1306.95,2080.5,2351.5,2584.5,2911.025,48.52588983
155,739,154,2,53,739,1316.95,2099,2376,2608,2920.025,49.59502459
156,740,155,2,54,740,1326.975,2127.75,2403,2627.25,2929.025,50.23600809
157,741,156,2,55,741,1385.9,2158.75,2431.5,2649,2946.05,49.80983334
158,742,157,2,56,742,1414.775,2183.75,2456,2664.25,2955.05,49.32834682
159,743,158,2,57,743,1431,2209.75,2479,2678.25,2966.2,49.5231367
160,744,159,2,58,744,1477.2,2242.5,2503,2697.5,2982.075,46.64075929
161,745,160,2,59,745,1518.05,2269.75,2525,2716.25,2992.075,43.97880539
162,746,161,2,60,746,1588.525,2291.25,2547.5,2733.25,3000,41.44155058
163,747,162,2,61,747,1618.825,2313,2571.5,2751,3005.05,43.68776468
164,748,163,2,62,748,1644.55,2349.75,2592,2774.5,3011.075,43.86846727
165,749,164,2,63,749,1672.95,2376.5,2618,2792,3021,44.33962264
166,750,165,2,64,750,1727.95,2405.75,2646,2809.5,3025.05,47.07125979
167,751,166,2,65,751,1761.35,2435.75,2671.5,2826.5,3032.025,49.15024631
168,752,167,2,66,752,1789.675,2470,2699,2844.25,3038,50.47298718
169,753,168,2,67,753,1836.825,2496.5,2724.5,2860.25,3046.025,49.44471664
170,754,169,2,68,754,1881.55,2535,2752,2881,3052.025,50.76911003
171,755,170,2,69,755,1927.1,2569,2777.5,2897.25,3060,50.99607495
172,756,171,2,70,756,1954.7,2606.25,2798,2916,3066.075,49.22160783
173,757,172,2,71,757,1981,2642,2820.5,2939,3074.1,47.96065953
174,758,173,2,72,758,2056.725,2681.75,2849,2956,3085.05,48.29124512
175,759,174,2,73,759,2129.975,2727,2875.5,2975,3093.025,47.32568284
176,760,175,2,74,760,2204.95,2765.75,2904,2997,3103.025,46.3778839
177,761,176,2,75,761,2248.7,2805,2931,3015.25,3111.025,44.36466981
178,762,177,2,76,762,2349.65,2849.5,2960,3034,3118.05,45.42137688
179,763,178,2,77,763,2438.95,2902,2991.5,3053,3128.025,45.39510686
180,764,179,2,78,764,2522.7,2954,3022,3076,3139,44.70108696
181,765,180,2,79,765,2690.525,3001,3057,3098,3154,43.08566205
182,766,181,2,80,766,2971.975,3067,3103,3139,3220.275,41.72777032
183,767,182,2,81,767,3035,3115.75,3154,3195,3540.7,42.75301709
184,768,183,2,82,768,3062.975,3150.75,3192.5,3260.25,3694.025,45.35603715
185,769,184,2,83,769,3089,3181,3232,3321,3762.175,42.81023854
186,770,185,2,84,770,3104.95,3210,3274,3385,3820,39.80707395
187,771,186,2,85,771,3117.975,3240,3314,3438.25,3867.05,40.81103841
188,772,187,2,86,772,3137.95,3272.75,3352.5,3486.25,3916.075,41.53315402
189,773,188,2,87,773,3152,3304,3392,3535,3957.025,38.9986755
190,774,189,2,88,774,3160,3335.75,3432,3575.25,3982.05,39.00952875
191,775,190,2,89,775,3175,3366.75,3472.5,3617.25,4001.025,40.17207566
192,776,191,2,90,776,3185.975,3396,3509,3668,4019.025,38.32185348
193,777,192,2,91,777,3198.95,3428.75,3549,3704.25,4038.05,37.16258198
194,778,193,2,92,778,3211,3465.75,3590,3744,4058.325,37.20024439
195,779,194,2,93,779,3226.9,3494.75,3628,3779.5,4089.075,37.42830466
196,780,195,2,94,780,3240.85,3526.75,3667,3818.25,4106.175,35.4446757
197,781,196,2,95,781,3254.925,3560.75,3705,3850.25,4123,35.48242812
198,782,197,2,96,782,3275.9,3602,3745,3888,4136.125,35.85439578
199,783,198,2,97,783,3290.925,3638.75,3782,3920.25,4158.125,36.08585686
200,784,199,2,98,784,3319.925,3672.5,3821,3947,4185,37.58898685
201,785,200,2,99,785,3344.775,3712,3859.5,3979.25,4210.025,37.06463249
202,786,201,2,100,786,3368.975,3746.75,3899,4013,4222.05,35.73634938
203,787,202,3,1,787,3401.975,3778,3938.5,4041,4232.025,44.53519256
204,788,203,3,2,788,3449.825,3821.5,3979,4068,4248.05,38.43938204
205,789,204,3,3,789,3491.875,3872.75,4014,4100.25,4261.025,36.03247083
206,790,205,3,4,790,3511.95,3915.5,4050,4130,4277.05,35.7622739
207,791,206,3,5,791,3543.975,3960,4088,4161.25,4293,36.18900166
208,792,207,3,6,792,3617.95,4007.75,4124,4193.25,4311.025,34.14237668
209,793,208,3,7,793,3663.95,4061,4161,4228,4323.125,32.52961526
210,794,209,3,8,794,3743.925,4116.75,4201.5,4261,4344,31.94891551
211,795,210,3,9,795,3907.925,4171,4240,4298.25,4366.025,30.60575327
212,796,211,3,10,796,4149,4249,4290,4346.25,4417.05,29.57863088
213,797,212,3,11,797,4188.95,4285,4334,4392.25,4609.05,28.56081926
214,798,213,3,12,798,4201.875,4304.75,4365,4424.25,4751.025,28.00610712
215,799,214,3,13,799,4208.95,4322,4388,4453,4893,27.19765583
216,800,215,3,14,800,4220,4337,4407.5,4489.5,4979.075,28.04264361
217,801,216,3,15,801,4230.975,4354,4425,4520,5024.475,26.86824101
218,802,217,3,16,802,4243.975,4371,4441,4549.5,5075.225,23.07910889
219,803,218,3,17,803,4256.975,4383,4459,4580.75,5113.05,26.56594806
220,804,219,3,18,804,4265.875,4399,4477.5,4607.5,5151.25,14.55601705
221,805,220,3,19,805,4275.925,4413,4496,4634.5,5183.275,13.44654788
222,806,221,3,20,806,4281.925,4425,4511,4661.25,5211.1,19.67499926
223,807,222,3,21,807,4287.95,4437,4532,4687.5,5265.075,16.18866127
224,808,223,3,22,808,4299.975,4447,4551.5,4712.25,5317.025,19.68612572
225,809,224,3,23,809,4304.975,4459.75,4569.5,4735.25,5329.175,25.06801399
226,810,225,3,24,810,4314,4470,4585.5,4755,5355.175,25.78435849
227,811,226,3,25,811,4323.95,4483.5,4604,4782.25,5373.35,23.02339882
228,812,227,3,26,812,4331.975,4497.5,4621,4802.25,5394.05,27.29979573
229,813,228,3,27,813,4336.975,4509.75,4637,4828.25,5411.45,26.3559855
230,814,229,3,28,814,4345.9,4523.75,4655.5,4846,5461.25,28.1846492
231,815,230,3,29,815,4349,4536,4673,4872.25,5481.175,25.4733153
232,816,231,3,30,816,4356.975,4549,4692,4892.5,5523.15,28.25320513
233,817,232,3,31,817,4365.875,4561,4709.5,4927,5552.025,29.23159592
234,818,233,3,32,818,4370.975,4573.75,4725.5,4950.25,5565.25,27.77220957
235,819,234,3,33,819,4376.9,4589.75,4747,4972,5598.225,25.4559692
236,820,235,3,34,820,4381,4605.5,4769.5,4989.5,5626.125,23.56360728
237,821,236,3,35,821,4387.925,4615,4790,5010.5,5653.225,23.52711883
238,822,237,3,36,822,4400.825,4632,4813,5031.25,5668.175,24.11219181
239,823,238,3,37,823,4406.9,4644.5,4830,5050,5693.1,24.35153499
240,824,239,3,38,824,4412.975,4660.75,4847,5071,5719,26.63217462
241,825,240,3,39,825,4418.95,4674.75,4868.5,5093.25,5741.025,24.33170933
242,826,241,3,40,826,4424.975,4686.75,4885,5118.25,5752.275,26.58381979
243,827,242,3,41,827,4429.95,4702.75,4905,5140.25,5761.45,28.35564173
244,828,243,3,42,828,4435.975,4717.5,4922,5161,5770.5,27.15344048
245,829,244,3,43,829,4443.975,4729.75,4941,5181,5792.2,27.28913406
246,830,245,3,44,830,4447.975,4744.75,4962,5194,5822.125,29.06437978
247,831,246,3,45,831,4454,4762.5,4985,5215,5832.025,28.14969939
248,832,247,3,46,832,4460.9,4780,5003,5230.25,5842.5,29.01785714
249,833,248,3,47,833,4465.875,4795,5020.5,5253.25,5860.225,30.15086115
250,834,249,3,48,834,4471.975,4808,5034.5,5265.5,5889.45,27.79103353
251,835,250,3,49,835,4476,4820.75,5049,5304.25,5899.375,27.70468335
252,836,251,3,50,836,4480,4830,5068,5317.25,5925.225,27.4594262
253,837,252,3,51,837,4484.975,4848.75,5083.5,5339.25,5954.05,24.8849165
254,838,253,3,52,838,4490,4866,5101,5353,5972.125,26.35522852
255,839,254,3,53,839,4496.975,4880.25,5118,5371,5981.175,26.54847792
256,840,255,3,54,840,4509.85,4892.75,5137.5,5393,5993.15,28.10124146
257,841,256,3,55,841,4513.925,4913.75,5153,5409.25,6010,27.50329609
258,842,257,3,56,842,4517.975,4930.75,5174.5,5426.25,6021.075,26.60097056
259,843,258,3,57,843,4526.975,4948.5,5190.5,5441,6032.125,28.94983878
260,844,259,3,58,844,4532.975,4967.75,5206,5466,6042.15,28.7464986
261,845,260,3,59,845,4543.875,4981,5227.5,5482.25,6053.025,29.67974882
262,846,261,3,60,846,4546.95,4994.75,5245.5,5505,6064.05,28.93924565
263,847,262,3,61,847,4551.975,5015.25,5266.5,5521.75,6072.025,27.94537512
264,848,263,3,62,848,4557.95,5027.5,5285,5538.25,6076.05,25.0316519
265,849,264,3,63,849,4564.925,5041.25,5303.5,5553,6083.05,24.20191604
266,850,265,3,64,850,4571.975,5059.25,5321.5,5568,6089.075,25.64788449
267,851,266,3,65,851,4591,5079,5340,5583.25,6097.025,23.7398374
268,852,267,3,66,852,4612.95,5096,5359.5,5597.5,6109.1,26.13004681
269,853,268,3,67,853,4623.825,5109.5,5376.5,5618,6114.1,27.07344176
270,854,269,3,68,854,4638.9,5124.5,5394.5,5635,6125.25,24.04106221
271,855,270,3,69,855,4663.9,5141.5,5414,5657,6140.275,25.0783208
272,856,271,3,70,856,4673.75,5155,5435,5672,6146.35,27.24453841
273,857,272,3,71,857,4696.275,5171,5453.5,5688.25,6151.35,26.2929585
274,858,273,3,72,858,4699.55,5193,5470,5698.25,6171.225,27.16250874
275,859,274,3,73,859,4710.775,5210.75,5484,5717,6186.075,27.20790378
276,860,275,3,74,860,4720.925,5228.5,5503.5,5729,6192.325,26.66777207
277,861,276,3,75,861,4732.975,5243.75,5521,5743.25,6197.3,26.989466
278,862,277,3,76,862,4748.875,5262.25,5537.5,5761.25,6210.075,25.11901908
279,863,278,3,77,863,4766,5280,5552.5,5783.25,6217.175,24.41309349
280,864,279,3,78,864,4783.975,5297.75,5567.5,5793.75,6221.2,26.54104906
281,865,280,3,79,865,4796.9,5310.5,5585,5812.5,6225.25,27.63886916
282,866,281,3,80,866,4805.95,5320.5,5602,5825.75,6243.125,28.79088988
283,867,282,3,81,867,4822.775,5335.75,5618,5843,6252.05,27.46976641
284,868,283,3,82,868,4835.65,5355.5,5640.5,5864,6259,28.61922034
285,869,284,3,83,869,4844.95,5378,5655.5,5871.25,6262.025,28.85665417
286,870,285,3,84,870,4853.925,5396.5,5672,5884,6268.125,29.6940311
287,871,286,3,85,871,4867.875,5413.75,5690.5,5903,6282.05,30.34602191
288,872,287,3,86,872,4889.925,5427,5709.5,5920,6288,28.85327929
289,873,288,3,87,873,4907.875,5444,5729,5942,6304.075,27.8379146
290,874,289,3,88,874,4913.975,5471.5,5742,5956.25,6309.2,28.22314377
291,875,290,3,89,875,4926.95,5495,5760,5972.25,6320.025,29.12782618
292,876,291,3,90,876,4937.925,5513.75,5778,5986.25,6324.05,24.61275047
293,877,292,3,91,877,4977.65,5528.5,5793,5998.5,6328.075,27.77588422
294,878,293,3,92,878,4993.725,5551.5,5804.5,6016,6331.15,26.6732036
295,879,294,3,93,879,4995.8,5572.5,5826,6029.25,6338.125,24.07843797
296,880,295,3,94,880,5037.325,5591.5,5840,6039.5,6348.025,26.83693612
297,881,296,3,95,881,5050.95,5618.75,5857.5,6057,6355,28.55867916
298,882,297,3,96,882,5062.925,5634,5872.5,6070,6360.025,28.72032775
299,883,298,3,97,883,5071.925,5651,5894.5,6086,6367,26.47405524
300,884,299,3,98,884,5097.9,5670.5,5909,6101.25,6373.025,26.73279018
301,885,300,3,99,885,5112.825,5690.75,5929.5,6115,6378.025,27.62360352
302,886,301,3,100,886,5125.975,5718.75,5948,6129,6383.05,28.3990619
303,887,302,4,1,887,5149.925,5736.75,5964.5,6143,6387.1,28.54246276
304,888,303,4,2,888,5168.8,5753.5,5981,6163.25,6399.025,28.61796858
305,889,304,4,3,889,5189.55,5773.75,5999.5,6178.25,6403.05,28.02515039
306,890,305,4,4,890,5201.675,5794.5,6016,6192.25,6409.05,28.10785082
307,891,306,4,5,891,5224.675,5818.5,6035.5,6207,6415,29.17821816
308,892,307,4,6,892,5252.8,5838.75,6051.5,6223,6421.025,27.92638562
309,893,308,4,7,893,5284.625,5862.75,6067.5,6235.5,6427.025,26.14941676
310,894,309,4,8,894,5298.7,5881,6089.5,6248,6432.025,26.88762912
311,895,310,4,9,895,5305.925,5893.75,6106,6261,6437.05,25.60106401
312,896,311,4,10,896,5332.675,5916,6125,6272.25,6441.1,27.14023911
313,897,312,4,11,897,5362.775,5943,6142,6283.25,6445.075,27.31926776
314,898,313,4,12,898,5391.8,5963.75,6159.5,6296.25,6451.125,28.15998469
315,899,314,4,13,899,5417.5,5982,6175.5,6306.25,6458.05,27.74752396
316,900,315,4,14,900,5447.55,6007.25,6195.5,6320,6466,28.09944986
317,901,316,4,15,901,5476.775,6032.75,6217.5,6332.25,6470.025,27.126074
318,902,317,4,16,902,5495.6,6057,6235,6344,6476.05,28.03189889
319,903,318,4,17,903,5522,6084,6255,6355.25,6482.025,28.67639085
320,904,319,4,18,904,5558.825,6106.75,6272,6367,6488.025,29.86333059
321,905,320,4,19,905,5592.9,6132,6289.5,6380,6493.025,31.89187344
322,906,321,4,20,906,5658.825,6161.75,6309,6390,6498.075,32.97347894
323,907,322,4,21,907,5691.875,6183.75,6327.5,6403,6504.025,33.45412433
324,908,323,4,22,908,5725.65,6213.75,6346,6413,6511.05,33.23933733
325,909,324,4,23,909,5813.825,6247,6364,6427,6515,32.14908372
326,910,325,4,24,910,5844.875,6283.5,6382,6438,6525.025,32.05479452
327,911,326,4,25,911,5866.875,6317,6400,6451,6533.075,32.27990033
328,912,327,4,26,912,5935.9,6347.75,6420,6463,6550,31.26905846
329,913,328,4,27,913,6071.65,6384,6440,6478,6566.05,31.24482854
330,914,329,4,28,914,6178.925,6420,6463,6497.25,6582.025,30.94018131
331,915,330,4,29,915,6336.875,6459,6493,6536,6659.05,30.46525022
332,916,331,4,30,916,6431.975,6490,6527,6577.25,6832.2,30.51895769
333,917,332,4,31,917,6451,6516,6558,6623,6956.075,30.29358701
334,918,333,4,32,918,6465.975,6537,6586,6665.25,7025.025,29.61907073
335,919,334,4,33,919,6476,6559,6611,6701,7079.075,31.14931075
336,920,335,4,34,920,6491.925,6579,6637,6734,7101.225,32.22406405
337,921,336,4,35,921,6502.925,6597.75,6660,6767.25,7152.025,32.08662154
338,922,337,4,36,922,6510,6619,6683,6801.5,7174.325,32.10820644
339,923,338,4,37,923,6519,6638,6709,6840.25,7198.15,32.04209439
340,924,339,4,38,924,6528.925,6656.75,6731,6868.25,7236.075,32.14389044
341,925,340,4,39,925,6538,6676.75,6755,6891,7277.05,31.81677419
342,926,341,4,40,926,6545.975,6696,6780,6911,7291.225,31.89132155
343,927,342,4,41,927,6553,6713,6803,6939,7313.1,31.7862357
344,928,343,4,42,928,6559.975,6733.5,6828,6965.75,7328.125,31.80353031
345,929,344,4,43,929,6569.95,6752.5,6852.5,6995.25,7351.075,31.27369111
346,930,345,4,44,930,6580.975,6773,6875,7017,7366.025,31.06714588
347,931,346,4,45,931,6587.95,6791,6901.5,7044.25,7387.075,31.30926588
348,932,347,4,46,932,6599.925,6811,6926.5,7069.5,7399,31.41179924
349,933,348,4,47,933,6611,6832.75,6950,7097,7413,31.16667751
350,934,349,4,48,934,6619.975,6850.5,6973,7119.25,7436.175,31.50822638
351,935,350,4,49,935,6630.95,6869,6996,7140,7457.025,31.91233463
352,936,351,4,50,936,6639.925,6893.25,7021,7166.25,7472.05,31.77022907
353,937,352,4,51,937,6647.975,6909.75,7045,7186.25,7486.15,32.02530485
354,938,353,4,52,938,6657.975,6929,7068,7209.25,7504.025,31.93176946
355,939,354,4,53,939,6668.9,6953.75,7091,7233.25,7512.075,31.4966005
356,940,355,4,54,940,6675,6976,7115,7252,7524,31.35440381
357,941,356,4,55,941,6682,6998,7140.5,7272.5,7538.1,30.62152973
358,942,357,4,56,942,6691.975,7017.5,7166,7293,7550.05,30.48851797
359,943,358,4,57,943,6707.925,7040.5,7190.5,7317.5,7560,30.65340308
360,944,359,4,58,944,6718,7061.75,7215,7343.25,7577.1,30.29944593
361,945,360,4,59,945,6729,7084,7238,7361.25,7590,29.71469008
362,946,361,4,60,946,6747.875,7106.75,7263,7378,7599.025,29.33495181
363,947,362,4,61,947,6759.975,7132.75,7287,7402.25,7611,29.30209632
364,948,363,4,62,948,6769,7157,7308.5,7421.5,7621.025,29.43426811
365,949,364,4,63,949,6787.875,7187.25,7334,7441,7631.05,29.29780057
366,950,365,4,64,950,6805.7,7216,7358,7456,7643.05,29.1571754
367,951,366,4,65,951,6830.825,7242.75,7382,7474,7656.2,28.63467041
368,952,367,4,66,952,6857.825,7263,7408,7494,7667.125,28.57388316
369,953,368,4,67,953,6884.625,7302,7431,7515,7678.025,28.27297449
370,954,369,4,68,954,6913.95,7333.25,7455,7536,7689.025,28.44590273
371,955,370,4,69,955,6949.725,7353.75,7481,7555,7701,28.52772696
372,956,371,4,70,956,6986.925,7391.75,7505,7575.25,7714,28.54651689
373,957,372,4,71,957,7021.95,7431.75,7530,7595,7728.125,28.4129638
374,958,373,4,72,958,7080.65,7469.75,7554,7616,7747.1,28.13308935
375,959,374,4,73,959,7117.975,7507.75,7579,7637,7761.15,27.67452587
376,960,375,4,74,960,7197.225,7545,7602,7658,7778.025,27.35202757
377,961,376,4,75,961,7340.95,7584.75,7631,7686,7800.05,26.82270039
378,962,377,4,76,962,7528,7629,7673,7730,7845.125,27.09500748
379,963,378,4,77,963,7594,7669.75,7719.5,7788,8139.225,26.2821586
380,964,379,4,78,964,7609,7696,7758,7845,8320.025,26.0650239
381,965,380,4,79,965,7620.975,7718,7788,7894,8397.025,25.5881886
382,966,381,4,80,966,7631,7738,7821,7941.25,8470.075,26.02194787
383,967,382,4,81,967,7642,7755,7849.5,7983,8535.325,25.5516386
384,968,383,4,82,968,7652.95,7777,7877,8026,8622.325,25.20193861
385,969,384,4,83,969,7663.9,7796.75,7904.5,8073.5,8693.1,25.52877771
386,970,385,4,84,970,7675,7816,7927.5,8112.25,8756.375,25.20964223
387,971,386,4,85,971,7685,7832.75,7954,8150,8830.425,25.85676963
388,972,387,4,86,972,7695.95,7854,7982.5,8195.25,8915.15,26.34369509
389,973,388,4,87,973,7702.975,7873.75,8009,8227.75,8977.2,27.12784676
390,974,389,4,88,974,7711.975,7892,8041,8270,9023.2,27.56742799
391,975,390,4,89,975,7722.975,7909,8065,8301,9045.75,27.18113804
392,976,391,4,90,976,7735.975,7926.75,8092,8335.75,9142.375,27.51582006
393,977,392,4,91,977,7746.975,7945.75,8118,8369.75,9168.2,27.65882684
394,978,393,4,92,978,7753.975,7967.75,8148.5,8396,9216.9,27.76691848
395,979,394,4,93,979,7761,7986.75,8174.5,8425.25,9221.075,27.99635744
396,980,395,4,94,980,7771.975,8007,8202,8451.5,9310.975,28.72011432
397,981,396,4,95,981,7778.975,8020.5,8224.5,8482.25,9319.1,29.10800521
398,982,397,4,96,982,7786,8041.25,8250.5,8515,9374.075,29.50101754
399,983,398,4,97,983,7794,8058,8280.5,8543.5,9387.05,29.45972609
400,984,399,4,98,984,7802,8075.75,8314.5,8572.25,9401.575,29.48266219
401,985,400,4,99,985,7811.975,8095.75,8333.5,8617,9413.625,29.73538361
402,986,401,4,100,986,7824.9,8114.75,8363.5,8640,9425.55,29.08297662
403,987,402,4,101,987,7839.95,8138.75,8389.5,8669.25,9449.125,29.41822173
404,988,403,4,102,988,7851.975,8160.75,8418,8693,9484.55,29.28365782
405,989,404,6,1,989,7864,8185.75,8443.5,8722.5,9492.625,28.32980973
406,990,405,6,2,990,7880.95,8209,8468.5,8742.75,9505.6,28.43123939
407,991,406,6,3,991,7887.975,8237.75,8494,8769.25,9518.55,27.85081552
408,992,407,6,4,992,7896,8269,8518,8792,9532.5,27.91459748
409,993,408,6,5,993,7907.975,8292,8544,8835,9545.45,27.44372737
410,994,409,6,6,994,7919.875,8311.75,8576,8862.25,9574.475,27.56414297
411,995,410,6,7,995,7926.875,8336.75,8601.5,8890.25,9615.225,27.53036437
412,996,411,6,8,996,7932.95,8360,8630,8919.25,9642.075,29.34350603
413,997,412,6,9,997,7940,8383,8657,8960,9654.3,29.34818452
414,998,413,6,10,998,7960.95,8400.5,8683.5,8987,9663.375,29.1764173
415,999,414,6,11,999,7972.875,8420.75,8710,9013,9691.275,28.97088498
416,1000,415,6,12,1000,7980.825,8441.75,8733.5,9037.25,9710.325,31.21098627
417,1001,416,6,13,1001,7991.925,8463.75,8759,9058.75,9718.35,31.59040265
418,1002,417,6,14,1002,8000.875,8492.5,8788,9084,9740.15,30.8591711
419,1003,418,6,15,1003,8003.975,8514.75,8817,9104,9753.025,30.67176108
420,1004,419,6,16,1004,8014.925,8543.75,8846,9122.25,9758.225,28.71033037
421,1005,420,6,17,1005,8031.875,8572.5,8867.5,9157.75,9769.175,28.0899268
422,1006,421,6,18,1006,8044.9,8593,8895,9190.5,9786.075,27.34303482
423,1007,422,6,19,1007,8061.725,8616.75,8919.5,9214.5,9796,26.75242038
424,1008,423,6,20,1008,8075.975,8647.75,8946.5,9241.25,9807.05,28.78517783
425,1009,424,6,21,1009,8086.975,8670.75,8968.5,9261.5,9821.225,26.52220357
426,1010,425,6,22,1010,8111.875,8694,8997,9289.25,9842.3,28.06667525
427,1011,426,6,23,1011,8140.625,8721,9021.5,9315,9851.375,26.46849137
428,1012,427,6,24,1012,8147.975,8750.75,9049.5,9344.25,9877.3,27.03033839
429,1013,428,6,25,1013,8165.95,8769.5,9074.5,9371.25,9895.275,25.7095106
430,1014,429,6,26,1014,8186.85,8786.25,9102.5,9397.25,9917.075,25.81581056
431,1015,430,6,27,1015,8202.825,8812.5,9125.5,9424,9945.2,25.95066318
432,1016,431,6,28,1016,8243.525,8836.75,9148.5,9452.25,9960.05,26.08954513
433,1017,432,6,29,1017,8263.975,8873.75,9177.5,9478.25,9987.075,25.035
434,1018,433,6,30,1018,8277.8,8897,9205,9509,10016.125,25.26912872
435,1019,434,6,31,1019,8308.6,8922.25,9229.5,9529.5,10040.025,25.66682025
436,1020,435,6,32,1020,8320.85,8958,9257,9552,10055.075,25.64905454
437,1021,436,6,33,1021,8350.675,8977,9286,9588.25,10069,24.09692049
438,1022,437,6,34,1022,8363.9,9009.5,9315,9618,10080.025,25.12743109
439,1023,438,6,35,1023,8381.875,9044.5,9336,9640.25,10092.1,24.35823259
440,1024,439,6,36,1024,8404.725,9071,9358.5,9656.25,10110.275,25.45003703
441,1025,440,6,37,1025,8416,9105.75,9382,9677.5,10123.025,26.68626874
442,1026,441,6,38,1026,8427.975,9130,9403,9699,10131.45,24.62967278
443,1027,442,6,39,1027,8439.975,9159.5,9440.5,9724.25,10143.3,25.07130046
444,1028,443,6,40,1028,8450.9,9184.75,9468,9750.75,10155.15,25.87050719
445,1029,444,6,41,1029,8473.725,9206.25,9492,9776.75,10169.025,27.62791901
446,1030,445,6,42,1030,8537.6,9244.75,9526.5,9802.25,10185,25.44515725
447,1031,446,6,43,1031,8559.675,9278.75,9558,9827.5,10190.1,25.01515049
448,1032,447,6,44,1032,8573.125,9315.75,9587.5,9844,10198.1,24.07412214
449,1033,448,6,45,1033,8586.55,9341.5,9616,9863,10205.2,24.4660804
450,1034,449,6,46,1034,8611,9365.25,9645.5,9883,10216.025,22.68114585
451,1035,450,6,47,1035,8640.875,9393,9670.5,9900.5,10228.025,22.68986882
452,1036,451,6,48,1036,8660.6,9413.75,9691,9920.25,10244.075,24.37296981
453,1037,452,6,49,1037,8675.975,9441,9713.5,9937.5,10253.15,24.77524955
454,1038,453,6,50,1038,8702.925,9468.5,9737,9956,10271.025,24.36952084
455,1039,454,6,51,1039,8722.7,9506.5,9762.5,9973,10284.025,26.63544918
456,1040,455,6,52,1040,8735.625,9537.75,9795,9995.25,10294.025,25.17249834
457,1041,456,6,53,1041,8802.875,9575,9820,10016,10303.05,25.99393962
458,1042,457,6,54,1042,8820.825,9600.75,9844.5,10037.5,10310.05,24.82704403
459,1043,458,6,55,1043,8865.775,9628.75,9874,10056.25,10321.025,24.73922762
460,1044,459,6,56,1044,8905.925,9661.75,9902,10073.25,10329.025,25.69608155
461,1045,460,6,57,1045,8924.75,9703,9923.5,10089,10341.025,25.37406186
462,1046,461,6,58,1046,8959.9,9728.5,9945.5,10110.25,10351.025,25.46118777
463,1047,462,6,59,1047,8991.875,9758.25,9971.5,10130,10363,25.94809623
464,1048,463,6,60,1048,9024.875,9785.75,9995,10143.5,10375,25.52170213
465,1049,464,6,61,1049,9117.875,9819.5,10021,10163.5,10377.15,25.40282802
466,1050,465,6,62,1050,9179.4,9855.5,10047,10186.25,10389.025,25.08407517
467,1051,466,6,63,1051,9210.625,9896,10074,10203,10406.05,25.7730595
468,1052,467,6,64,1052,9269.325,9938.75,10100.5,10221.25,10426.075,26.67489687
469,1053,468,6,65,1053,9347.75,9974,10128,10237.25,10441.025,25.92666269
470,1054,469,6,66,1054,9404,10009.75,10154,10255,10448.175,22.87214777
471,1055,470,6,67,1055,9492.7,10049.5,10177,10276.25,10463.025,27.01020184
472,1056,471,6,68,1056,9556.95,10090,10205,10298.25,10481,23.56310536
473,1057,472,6,69,1057,9646.95,10132,10231.5,10320.25,10496.05,24.15587118
474,1058,473,6,70,1058,9768.9,10179,10260,10348,10521.05,25.07341029
475,1059,474,6,71,1059,9894.85,10229,10294,10384.25,10547.15,24.16244748
476,1060,475,6,72,1060,10196,10363.5,10461.5,10557,10811.075,24.21509192
477,1061,476,6,73,1061,10369.975,10523,10604.5,10704,11083,22.80807393
478,1062,477,6,74,1062,10385,10552.75,10646,10760,11175.65,22.59663293
479,1063,478,6,75,1063,10418.825,10577,10681,10805,11330.075,22.72243687
480,1064,479,6,76,1064,10428,10598.75,10709.5,10847.25,11409.625,22.23682004
481,1065,480,6,77,1065,10447.975,10618,10733,10890.25,11454.05,22.11573791
482,1066,481,6,78,1066,10463,10642,10759,10935.25,11486.3,21.23115002
483,1067,482,6,79,1067,10478.975,10660.75,10788,10969.5,11540.075,23.04033231
484,1068,483,6,80,1068,10492,10677.75,10817.5,11003,11611.3,23.67327849
485,1069,484,6,81,1069,10502.975,10692.75,10842.5,11040,11666.3,23.50484246
486,1070,485,6,82,1070,10510,10708,10873,11069.25,11708.375,23.05577801
487,1071,486,6,83,1071,10522.875,10724,10895,11099.25,11758.075,22.41927388
488,1072,487,6,84,1072,10528.925,10750,10915.5,11131.25,11792.225,24.34001342
489,1073,488,6,85,1073,10541.875,10772,10938.5,11161.75,11810.55,23.01948688
490,1074,489,6,86,1074,10548.95,10792,10962.5,11189.25,11865.25,22.8913738
491,1075,490,6,87,1075,10564.775,10810.75,10988.5,11223.25,11899.25,22.98948126
492,1076,491,6,88,1076,10570.975,10825.75,11014.5,11254.25,11922.075,22.96036345
493,1077,492,6,89,1077,10575.975,10841.75,11044,11276.5,11935.05,23.01195625
494,1078,493,6,90,1078,10581,10861.25,11076,11315.75,11942.05,22.78045423
495,1079,494,6,91,1079,10611.45,10879.5,11101.5,11338.75,11953.2,22.80473215
496,1080,495,6,92,1080,10614.85,10902.25,11127,11372,11973.1,22.53144617
497,1081,496,6,93,1081,10632,10921.75,11152.5,11398.25,11985.075,22.23414721
498,1082,497,6,94,1082,10643.9,10939.75,11177.5,11429.25,11997.4,21.79104478
499,1083,498,6,95,1083,10670,10961,11201,11450.25,12016.15,21.75100731
500,1084,499,6,96,1084,10691.75,10985,11229,11468,12031.15,24.3863984
501,1085,500,6,1,1085,10697.75,11007,11255.5,11496,12055.25,27.2230332
502,1086,501,7,2,1086,10704.725,11028,11277.5,11519.25,12094.225,26.76124068
503,1087,502,7,3,1087,10711.9,11046,11303,11546.25,12128.1,22.04408378
504,1088,503,7,4,1088,10739.925,11064.75,11328.5,11571.25,12142.225,21.93963674
505,1089,504,7,5,1089,10745.925,11085,11351.5,11596.5,12157.15,21.65503135
506,1090,505,7,6,1090,10751.925,11107.25,11381,11624.25,12173.05,21.39610062
507,1091,506,7,7,1091,10756.95,11128.75,11406,11648.25,12187.025,21.73270931
508,1092,507,7,8,1092,10767.95,11156.5,11424,11671,12201.05,21.43525012
509,1093,508,7,9,1093,10772.95,11189.5,11450.5,11686.25,12211.1,22.22688965
510,1094,509,7,10,1094,10785.925,11217,11476,11707,12226.2,21.55250075
511,1095,510,7,11,1095,10797.975,11248.75,11500,11729.75,12243.075,21.46454717
512,1096,511,7,12,1096,10812.85,11272.75,11530,11754.5,12254.25,20.76177375
513,1097,512,7,13,1097,10827.875,11295.75,11553,11779,12262.2,21.61817324
514,1098,513,7,14,1098,10841.825,11322.75,11578,11804.25,12272.1,22.6565952
515,1099,514,7,15,1099,10852.95,11349,11600.5,11824,12283.025,23.17983125
516,1100,515,7,16,1100,10862.9,11374.25,11632,11851.25,12296.025,24.62335809
517,1101,516,7,17,1101,10872.85,11395,11654.5,11873.25,12305.075,23.73180204
518,1102,517,7,18,1102,10893.925,11417,11681,11896.75,12320.025,23.33340798
519,1103,518,7,19,1103,10945.45,11446.5,11714,11916.25,12328.025,21.645061
520,1104,519,7,20,1104,10965.225,11466.25,11741.5,11936.25,12340.2,20.03737395
521,1105,520,7,21,1105,10983.9,11499.75,11765,11959.5,12353.075,21.45952541
522,1106,521,7,22,1106,11024.775,11524.5,11787.5,11984,12362.15,21.64130856
523,1107,522,7,23,1107,11034.95,11550,11810,12004.25,12374,22.64163654
524,1108,523,7,24,1108,11063.65,11578.5,11835.5,12019.25,12379.15,22.87607864
525,1109,524,7,25,1109,11085.55,11607.75,11860.5,12040.25,12388.2,24.99128008
526,1110,525,7,26,1110,11113.9,11631.5,11888.5,12070,12397.275,27.20757388
527,1111,526,7,27,1111,11119.975,11661.75,11912,12099,12417.05,29.98009384
528,1112,527,7,28,1112,11135.9,11689.75,11930,12125.25,12430.125,29.16042727
529,1113,528,7,29,1113,11148.95,11715.75,11955,12148.25,12442.025,28.00911689
530,1114,529,7,30,1114,11162,11734.75,11982,12169.5,12450.075,26.98721692
531,1115,530,7,31,1115,11214.925,11762.25,12006.5,12194,12459.125,23.18645696
532,1116,531,7,32,1116,11238.75,11792.5,12032.5,12214,12476,21.76427466
533,1117,532,7,33,1117,11285.575,11825.75,12056,12232.25,12487.1,20.07429662
534,1118,533,7,34,1118,11319.95,11856.5,12081.5,12251,12498,19.02508472
535,1119,534,7,35,1119,11366.775,11888.25,12108,12271,12510.075,18.56385379
536,1120,535,7,36,1120,11392.725,11924,12131,12284,12522.025,18.31806357
537,1121,536,7,37,1121,11413.95,11963,12159.5,12306.5,12539.05,18.68779031
538,1122,537,7,38,1122,11479.4,11995.5,12187,12326,12556.025,19.00161344
539,1123,538,7,39,1123,11500,12025,12210,12344.25,12577.025,19.61821909
540,1124,539,7,40,1124,11543.375,12056.5,12234.5,12367,12591.05,19.61223251
541,1125,540,7,41,1125,11566.625,12089,12260.5,12386.25,12603.15,20.26446559
542,1126,541,7,42,1126,11587.9,12125,12289.5,12406,12617.05,20.58939096
543,1127,542,7,43,1127,11634.975,12161,12315.5,12428.5,12635,21.2161269
544,1128,543,7,44,1128,11691.95,12192.75,12341,12447.25,12652.125,22.43928079
545,1129,544,7,45,1129,11795.825,12234,12368,12471,12673,22.86144441
546,1130,545,7,46,1130,11911.825,12281,12400,12495,12698.1,23.35318889
547,1131,546,7,47,1131,12061.375,12324.75,12434,12529.25,12734.075,23.67072914
548,1132,547,7,48,1132,12199.7,12391,12482.5,12578,12791.25,24.16908085
549,1133,548,7,49,1133,12236.975,12440,12535,12646,12948.2,24.67858501
550,1134,549,7,50,1134,12261.975,12466,12567.5,12693,13092.2,25.48078184
551,1135,550,7,51,1135,12287.9,12489.5,12598.5,12734,13229.1,27.73410759
552,1136,551,7,52,1136,12298.95,12506.5,12621.5,12774,13316.025,28.2189647
553,1137,552,7,53,1137,12309.95,12523,12645,12809.25,13394.175,27.63099956
554,1138,553,7,54,1138,12321.875,12541,12666,12850,13439.925,26.76572511
555,1139,554,7,55,1139,12326.975,12559,12693,12884,13529.2,25.83747596
556,1140,555,7,56,1140,12335,12572.75,12714,12922,13575.475,25.62423357
557,1141,556,7,57,1141,12351.95,12587,12735.5,12949,13626.275,24.9202083
558,1142,557,7,58,1142,12370.975,12599,12758.5,12982.25,13697.15,24.49813341
559,1143,558,7,59,1143,12378.95,12610.75,12781,13015.75,13768.025,24.9109643
560,1144,559,7,60,1144,12389.9,12623,12802,13047.5,13836.175,25.59030746
561,1145,560,7,61,1145,12398.925,12639,12824.5,13085,13938,26.98170284
562,1146,561,7,62,1146,12408,12654,12845,13108.5,13963.075,27.45050218
563,1147,562,7,63,1147,12412.95,12664,12865,13136.5,13971.45,26.76756007
564,1148,563,7,64,1148,12415.9,12676.5,12883.5,13171,14023.75,25.74788919
565,1149,564,7,65,1149,12418.975,12688,12902,13208.25,14072.475,23.84563742
566,1150,565,7,66,1150,12428,12702.75,12922,13231.25,14149.175,21.90541467
567,1151,566,7,67,1151,12438,12719,12941,13252.25,14207.15,20.45674115
568,1152,567,7,68,1152,12447.95,12733,12961,13274.75,14237.275,19.97485835
569,1153,568,7,69,1153,12456.95,12743,12982,13300.5,14269.625,18.27281949
570,1154,569,7,70,1154,12463.95,12753.75,13004,13332.25,14289.75,17.67822055
571,1155,570,7,71,1155,12471.85,12768.75,13021,13368,14332.075,18.0001784
572,1156,571,7,72,1156,12477.775,12786.75,13035.5,13396.25,14345.1,17.49973771
573,1157,572,7,73,1157,12486.925,12806.75,13060,13417,14358.9,16.96798244
574,1158,573,7,74,1158,12493,12819.5,13078.5,13450.5,14424.95,16.04040523
575,1159,574,7,75,1159,12499.95,12838.75,13111.5,13482,14442.6,16.52340535
576,1160,575,7,76,1160,12504,12853.75,13130.5,13502.25,14460.225,17.24532364
577,1161,576,7,77,1161,12509.975,12863,13143.5,13525.25,14477.875,17.5516243
578,1162,577,7,78,1162,12514.975,12877,13163.5,13555,14539.975,17.28556986
579,1163,578,7,79,1163,12518.975,12886,13182,13589,14614.15,16.03974049
580,1164,579,7,80,1164,12523,12896,13204.5,13609.25,14623.5,15.0479263
581,1180,595,7,1,1180,12589.95,13123.75,13536.5,14030.5,15122.25,19.82631126
582,1181,596,8,2,1181,12593.975,13132.75,13549.5,14055,15141.025,15.38591084
583,1182,597,8,3,1182,12598.975,13147,13573.5,14079.25,15156.025,16.03819652
584,1183,598,8,4,1183,12604.9,13162,13596.5,14107.5,15195.425,14.31066675
585,1184,599,8,5,1184,12608.9,13182.75,13616.5,14136,15240.3,14.70532289
586,1185,600,8,6,1185,12613.95,13198.5,13635,14162.5,15301.275,17.03509208
587,1186,601,8,7,1186,12617.925,13213.25,13660,14188.5,15309.65,16.79080691
588,1187,602,8,8,1187,12621.9,13222,13675,14201.5,15400.375,17.71803195
589,1188,603,8,9,1188,12623.925,13249.5,13700,14221.75,15423.375,19.81230213
590,1189,604,8,10,1189,12630.9,13263.5,13715.5,14247,15446.35,20.98960589
591,1190,605,8,11,1190,12634.875,13272.75,13729.5,14281,15485.925,18.96373712
592,1191,606,8,12,1191,12639.825,13292.5,13747,14306,15582.05,16.55159319
593,1192,607,8,13,1192,12643.8,13303.75,13762,14337.25,15607.075,14.36776153
594,1193,608,8,14,1193,12647.85,13323,13787,14360,15631.55,13.85229478
595,1194,609,8,15,1194,12652.875,13337,13806,14384.25,15662.525,14.63355395
596,1195,610,8,16,1195,12656.9,13355.5,13827,14411,15713,15.13631012
597,1196,611,8,17,1196,12660.95,13371.75,13841,14424.75,15745.25,15.34113382
598,1197,612,8,18,1197,12668.925,13392.25,13866.5,14440,15763.25,14.55437008
599,1198,613,8,19,1198,12671.975,13409.5,13891.5,14469.25,15783.5,13.51025052
600,1199,614,8,20,1199,12678.95,13426.5,13917,14485.5,15809.425,13.42913568
601,1200,615,8,21,1200,12682.95,13442,13929,14513,15838,13.27070116
602,1201,616,8,22,1201,12687.9,13462.75,13953,14530,15875.225,12.71638813
603,1202,617,8,23,1202,12693.825,13479,13974.5,14554.5,15911,12.24091353
604,1203,618,8,24,1203,12699.775,13496.25,13994,14578.5,15951.075,12.55596897
605,1204,619,8,25,1204,12705.825,13510.75,14020.5,14612,15976.225,12.15416569
606,1205,620,8,26,1205,12711.875,13521.5,14037,14626.5,16004.1,10.29560526
607,1206,621,8,27,1206,12716.975,13535.5,14055,14649.75,16017.075,9.560581905
608,1207,622,8,28,1207,12724.95,13542,14069.5,14682.25,16082.225,8.406144307
609,1208,623,8,29,1208,12732.9,13560.25,14089,14707.25,16133.05,7.795678496
610,1209,624,8,30,1209,12736.95,13571.5,14110,14725.25,16165.125,8.310345974
611,1210,625,8,31,1210,12740.95,13592.25,14135.5,14741,16186.525,7.085832845
612,1211,626,8,32,1211,12746.875,13612,14150,14766.25,16246.125,6.892434778
613,1212,627,8,33,1212,12751.85,13627.75,14181,14786.25,16282.425,6.57763962
614,1213,628,8,34,1213,12758.975,13647.75,14202.5,14817.25,16347.75,6.172569097
615,1214,629,8,35,1214,12766.925,13657.5,14219,14836.5,16394.075,5.99870801
616,1215,630,8,36,1215,12771.95,13679.25,14243,14859.5,16411.325,6.072660473
617,1216,631,8,37,1216,12775.975,13690.75,14261,14885.25,16479.55,5.872705043
618,1217,632,8,38,1217,12781.9,13701.75,14277,14912.5,16509.2,5.960536837
619,1218,633,8,39,1218,12786.85,13713,14296,14936,16554.15,5.844705768
620,1219,634,8,40,1219,12791.775,13719,14319,14956.25,16614,5.511500813
621,1220,635,8,41,1220,12794.775,13737.75,14342,14974.5,16668.025,5.269627782
622,1221,636,8,42,1221,12796.8,13750.75,14358.5,15005,16684.025,5.088475384
623,1222,637,8,43,1222,12798.825,13760.75,14381.5,15039.25,16702.8,4.996584636
624,1223,638,8,44,1223,12814.675,13790.25,14398,15061.5,16720.575,5.159075772
625,1224,639,8,45,1224,12818.975,13815.5,14419,15076,16786.15,5.22616918
626,1225,640,8,46,1225,12822.925,13825,14434.5,15093,16825.325,5.155272895
627,1226,641,8,47,1226,12826.875,13839.25,14469.5,15111.25,16841.475,5.152966845
628,1227,642,8,48,1227,12829.85,13854.75,14483.5,15149,16919.375,4.997960241
629,1228,643,8,49,1228,12833.8,13887.25,14512.5,15175.75,16948.075,4.818579867
630,1229,644,8,50,1229,12837.75,13902.25,14528.5,15194.75,16967.25,4.716741468
631,1230,645,8,51,1230,12841.7,13919.75,14550,15214.25,17005.3,4.642974402
632,1231,646,8,52,1231,12845.65,13935.75,14564,15239.75,17034.425,4.589903097
633,1232,647,8,53,1232,12849.6,13952.25,14585.5,15276.5,17063.725,4.807072712
634,1233,648,8,54,1233,12853.575,13975.75,14605,15304.25,17100.4,4.643806454
635,1234,649,8,55,1234,12856.625,13995.25,14644.5,15324.25,17125.725,4.672005869
636,1235,650,8,56,1235,12860.65,14005,14660,15350,17149.9,4.569849567
637,1236,651,8,57,1236,12864.675,14020,14667,15376.5,17177.975,4.70293096
638,1237,652,8,58,1237,12868.7,14046.25,14695,15395.25,17250.125,4.940028461
639,1238,653,8,59,1238,12872.725,14058.75,14710,15415.5,17261.625,5.146385045
640,1239,654,8,60,1239,12876.75,14074.75,14723.5,15435.25,17267.6,4.95247072
641,1240,655,8,61,1240,12880.75,14100,14750.5,15457.5,17297.55,5.042622951
642,1241,656,8,62,1241,12883.8,14111.25,14780,15477.25,17322.925,4.869800119
643,1242,657,8,63,1242,12887.825,14129.5,14794,15501.5,17351.475,4.884669062
644,1243,658,8,64,1243,12891.85,14141.75,14816,15532.5,17462.65,4.905052674
645,1244,659,8,65,1244,12896.975,14158.5,14838,15545,17467.525,4.315419177
646,1245,660,8,66,1245,12899.975,14179.5,14865,15563.75,17471.275,4.868669123
647,1246,661,8,67,1246,12903.925,14199.25,14880,15587.25,17485.45,4.512218588
648,1247,662,8,68,1247,12907.95,14214.25,14914,15612.5,17526.7,5.017219113
649,1248,663,8,69,1248,12913.95,14220.75,14926.5,15652.5,17574.75,5.016745606
650,1249,664,8,70,1249,12933.55,14241,14952,15687.5,17616.7,5.126424364
651,1250,665,8,71,1250,12937.575,14258.25,14963.5,15722,17656.875,5.090085399
652,1251,666,8,72,1251,12940.625,14274.25,14981.5,15739.25,17718.1,4.978890031
653,1252,667,8,73,1252,12943.675,14298.25,14998.5,15758.5,17744,5.180562778
654,1253,668,8,74,1253,12968.45,14308.5,15019.5,15783.25,17785.05,4.736512749
655,1254,669,8,75,1254,12972.45,14328.25,15039.5,15817.75,17825.125,4.666879731
656,1255,670,8,76,1255,12976.425,14335.75,15058,15837.25,17870.1,4.643062401
657,1256,671,8,77,1256,12980.4,14351.75,15065,15867.25,17880.9,4.679327125
658,1257,672,8,78,1257,12985.35,14363,15103.5,15880.5,17936.625,4.871594236
659,1258,673,8,79,1258,12996.925,14380.5,15115,15924.5,17958.175,4.867874688
660,1259,674,8,80,1259,13008.75,14397.5,15125.5,15941.75,17996.075,4.876078696
661,1260,675,8,81,1260,13019.6,14416.25,15157,15972.75,18046,4.562609443
662,1261,676,8,82,1261,13031.975,14430.75,15174.5,16005.5,18096.175,4.75577864
663,1262,677,8,83,1262,13035.975,14449.75,15190,16027.25,18129.325,4.771552198
664,1263,678,8,84,1263,13052.775,14466.75,15210.5,16043,18146.35,4.713751465
665,1264,679,8,85,1264,13063.875,14491.25,15221.5,16079.25,18162.4,4.68844306
666,1265,680,8,86,1265,13075.925,14514,15236,16088.25,18179.425,4.784430699
667,1266,681,8,87,1266,13085,14528,15257,16100.25,18196.375,4.714534641
668,1267,682,8,88,1267,13087.975,14549.75,15269,16112.5,18213.2,4.558890525
669,1268,683,8,89,1268,13089.975,14562.75,15285.5,16148.25,18229.05,4.608998778
670,1269,684,8,90,1269,13091.975,14568.75,15310,16168.5,18241.125,4.54159838
671,1270,685,8,91,1270,13093.975,14590.5,15338.5,16189.5,18263.475,4.365703889
672,1271,686,8,92,1271,13095.975,14603.25,15355.5,16219.25,18280.45,4.003763139
673,1272,687,8,93,1272,13112.625,14620,15371.5,16250,18322.6,4.214998013
674,1273,688,8,94,1273,13131.2,14627,15387.5,16263.75,18340.325,4.432807265
675,1274,689,8,95,1274,13138.075,14633,15408,16274.5,18358.05,4.236940608
676,1275,690,8,96,1275,13145.075,14643.75,15425,16287.75,18371.125,4.092611063
677,1276,691,8,97,1276,13161.75,14656.5,15450,16315.25,18391.075,4.201440177
678,1277,692,8,98,1277,13183.375,14672.5,15468.5,16335.25,18422.35,4.375558222
679,1278,693,8,99,1278,13189.4,14682.75,15479.5,16351,18475.05,4.203134962
680,1279,694,8,100,1279,13196.375,14698,15492.5,16378,18481.425,4.218899297
681,1280,695,8,101,1280,13203.375,14714.75,15512.5,16398.25,18508.275,4.179321117
682,1281,696,8,102,1281,13210.375,14734.75,15531,16442.5,18539.025,4.305334495
683,1282,697,8,103,1282,13217.35,14755.5,15563.5,16479,18560.325,4.076520518
684,1283,698,8,1,1283,13223.375,14772.25,15602.5,16492.25,18614,9.662778862
685,1284,699,9,2,1284,13230.375,14787.25,15627,16524.75,18640.375,5.542082821
686,1285,700,9,3,1285,13237.35,14800.5,15656.5,16544.25,18696.55,6.0888548
687,1286,701,9,4,1286,13241.425,14817,15674,16554.5,18743.475,5.84872414
688,1287,702,9,5,1287,13244.525,14825.5,15693,16595.5,18768.4,4.353397774
689,1288,703,9,6,1288,13247.6,14839,15725.5,16616.75,18792.225,4.446475138
690,1289,704,9,7,1289,13250.7,14861.75,15734.5,16637.75,18857.425,4.284688863
691,1290,705,9,8,1290,13253.8,14873.25,15753,16655,18874.1,4.208644144
692,1291,706,9,9,1291,13255.9,14892.75,15783,16687,18882.225,4.235989689
693,1292,707,9,10,1292,13259,14909,15797.5,16700,18907,4.291148438
694,1293,708,9,11,1293,13265.925,14926.75,15818.5,16731,18921.075,4.276786523
695,1294,709,9,12,1294,13271.85,14937.25,15853,16752.25,18936.125,4.133274162
696,1295,710,9,13,1295,13278.775,14963,15873,16791.25,18960.95,4.173067372
697,1296,711,9,14,1296,13283.725,14972.75,15889,16820.25,18992.225,4.240181185
698,1297,712,9,15,1297,13285.75,14985.75,15915.5,16841.5,19075.15,4.199641428
699,1298,713,9,16,1298,13288.75,15005,15948.5,16869.25,19094.7,3.98886321
700,1299,714,9,17,1299,13291.75,15027.75,15957,16901.75,19113.3,3.991847804
701,1300,715,9,18,1300,13311.575,15042.5,15978.5,16917.25,19132.125,3.88895233
702,1301,716,9,19,1301,13318.475,15060.75,15985.5,16929,19159.675,4.084628915
703,1302,717,9,20,1302,13324.375,15079.25,16012,16956.25,19194.025,4.048249808
704,1303,718,9,21,1303,13327.375,15098,16029,16990.25,19231.95,4.281090719
705,1304,719,9,22,1304,13331.35,15118.75,16057.5,17006.5,19267.425,4.189368587
706,1305,720,9,23,1305,13335.325,15145.5,16078,17049.25,19301.9,4.219528411
707,1306,721,9,24,1306,13339.3,15168,16099.5,17077.5,19336.375,4.34716778
708,1307,722,9,25,1307,13343.275,15180.5,16113,17090.5,19371.825,4.213294375
709,1308,723,9,26,1308,13347.3,15188.75,16127.5,17110.5,19418.35,4.230669344
710,1309,724,9,27,1309,13350.375,15203.75,16169,17125.5,19441.85,4.158801473
711,1310,725,9,28,1310,13354.4,15217.75,16201.5,17141.5,19476.275,3.910217262
712,1311,726,9,29,1311,13358.45,15231.75,16232,17175.25,19498.35,4.018032891
713,1312,727,9,30,1312,13362.475,15256.5,16244.5,17205,19509.9,4.263707431
714,1313,728,9,31,1313,13366.5,15265.75,16261,17227,19551.075,4.087676413
715,1314,729,9,32,1314,13370.55,15276.75,16282,17261.5,19558.15,3.853554488
716,1315,730,9,33,1315,13373.925,15292.5,16300.5,17293,19573.725,3.864194608
717,1316,731,9,34,1316,13388.725,15309,16323.5,17320.25,19591.525,3.835482385
718,1317,732,9,35,1317,13407.35,15332.25,16345,17340.75,19674.9,4.086910548
719,1318,733,9,36,1318,13425,15345.5,16369,17370.75,19699.6,4.023379281
720,1319,734,9,37,1319,13442.65,15374.25,16392.5,17383.25,19723.15,4.029872079
721,1320,735,9,38,1320,13446.575,15394.75,16410.5,17418.5,19745.7,3.967434376
722,1321,736,9,39,1321,13453.875,15412.5,16430,17437,19769.25,3.980639927
723,1322,737,9,40,1322,13457.825,15423,16462.5,17468.5,19785.2,3.965014951
724,1323,738,9,41,1323,13461.75,15437.5,16484.5,17493.5,19798.025,3.915763108
725,1324,739,9,42,1324,13465.7,15445,16498.5,17517.5,19808.35,4.190500806
726,1325,740,9,43,1325,13469.65,15466.75,16524,17535.75,19836.675,3.849547361
727,1326,741,9,44,1326,13473.6,15477.5,16536,17553.25,19873.35,3.904677703
728,1327,742,9,45,1327,13477.55,15493.75,16552,17582.75,19886.625,3.806531542
729,1328,743,9,46,1328,13481.475,15519.25,16572,17606.5,19934.925,3.843142041
730,1329,744,9,47,1329,13485.425,15549.25,16584,17619,19958.95,3.72276606
731,1330,745,9,48,1330,13489.375,15560.25,16600.5,17638.25,20012.2,3.175833096
732,1331,746,9,49,1331,13493.325,15576.5,16615.5,17660,20064.375,3.682334974
733,1332,747,9,50,1332,13497.275,15604.75,16642,17675.25,20093.225,3.817717243
734,1333,748,9,51,1333,13501.2,15620.75,16660,17690.75,20124.475,4.728131145
735,1334,749,9,52,1334,13506.125,15633,16673,17711,20178.075,4.002228958
736,1335,750,9,53,1335,13510.075,15652.25,16692,17740.25,20187.05,3.901637844
737,1336,751,9,54,1336,13514.025,15664,16708,17767.75,20257.55,4.067057709
738,1337,752,9,55,1337,13524.85,15678.5,16729,17788.75,20374.9,4.137325521
739,1338,753,9,56,1338,13528.85,15709,16753,17819.5,20392.075,4.063477383
740,1339,754,9,57,1339,13531.875,15723.5,16770.5,17840.75,20409.275,4.000697593
741,1340,755,9,58,1340,13535.875,15739,16796,17867.5,20426.25,3.972845168
742,1341,756,9,59,1341,13538.9,15769.75,16822,17899.25,20443.025,4.103422308
743,1342,757,9,60,1342,13542.9,15807.75,16847.5,17933.5,20460.8,4.130065363
744,1343,758,9,61,1343,13545.925,15819,16868,17953,20477.575,3.224966567
745,1344,759,9,62,1344,13587.05,15827,16894,17981,20494.375,3.733423049
746,1345,760,9,63,1345,13633.925,15846,16912.5,18001.25,20518.125,3.925525839
747,1346,761,9,64,1346,13635.975,15876.75,16930.5,18019.75,20529.575,3.686051296
748,1347,762,9,65,1347,13637.025,15881,16962.5,18041,20546.875,3.765290199
749,1348,763,9,66,1348,13638.1,15901.25,16978,18059.25,20564.825,3.73203092
750,1349,764,9,67,1349,13640.125,15907.75,16996,18100.75,20581.55,3.936358702
751,1350,765,9,68,1350,13641.25,15924.25,17023,18114.75,20598.275,3.731030392
752,1351,766,9,69,1351,13642.575,15940,17047.5,18136.75,20615,3.748808753
753,1352,767,9,70,1352,13643.925,15965.25,17066.5,18153.25,20631.725,3.552860022
754,1353,768,9,71,1353,13646.25,15988.25,17085.5,18186,20668.75,3.77311791
755,1354,769,9,72,1354,13647.575,16003.25,17113.5,18204.75,20707.125,3.552334503
756,1355,770,9,73,1355,13648.925,16021,17123.5,18232,20745.5,3.632352204
757,1356,771,9,74,1356,13660.75,16036,17137.5,18272,20779.1,3.811144015
758,1357,772,9,75,1357,13674.425,16059.75,17161.5,18288.75,20809.025,3.865697059
759,1358,773,9,76,1358,13689.075,16079.75,17177,18316,20828.175,3.806791382
760,1359,774,9,77,1359,13694.95,16104.5,17196,18345,20835.275,3.760027659
761,1360,775,9,78,1360,13697.925,16118.5,17219,18369.5,20848.125,3.678506199
762,1361,776,9,79,1361,13699.9,16127.75,17247,18408.75,20887.675,3.764718283
763,1362,777,9,80,1362,13702.85,16133.75,17259.5,18437.25,20927.2,3.777240429
764,1363,778,9,81,1363,13705.825,16155.25,17271,18477.5,20966.025,3.410685899
765,1364,779,9,82,1364,13708.775,16171,17293,18491.25,21005.05,2.41007974
766,1365,780,9,83,1365,13710.75,16187,17321,18512,21025.075,2.340287201
767,1366,781,9,84,1366,13713.7,16203.75,17332.5,18530.5,21046.725,1.304498938
768,1367,782,9,85,1367,13716.675,16217.75,17344.5,18548.5,21072.225,1.337559509
769,1368,783,9,86,1368,13719.625,16232.75,17365.5,18598.25,21103.175,1.456558211
770,1369,784,9,87,1369,13722.575,16240.5,17403,18620,21153.35,1.444266842
771,1370,785,9,88,1370,13724.575,16263.75,17423.5,18650.5,21176.425,1.323634672